{"PG10":[0.7142857142857143,0.7142857142857143,0.5714285714285714,0.5714285714285714,0.6,0.6,0.6,0.4,0.5,0.5,0.4,0.4,0.3333333333333333,0.3333333333333333,0.42857142857142855,0.5,0.42857142857142855,0.42857142857142855,0.42857142857142855,0.6666666666666666,0.6666666666666666],"PG13":[0.42857142857142855,0.42857142857142855,0.42857142857142855,0.5714285714285714,0.5714285714285714,0.42857142857142855,0.42857142857142855,0.42857142857142855,0.3333333333333333,0.3333333333333333,0.42857142857142855,0.375,0.42857142857142855,0.5,0.5],"PG16":[0.5,0.5,0.7142857142857143,0.7142857142857143,0.42857142857142855,0.5714285714285714,0.5714285714285714,0.25,0.25,0.5,0.5],"PG17":[0.5,0.5,0.42857142857142855,0.42857142857142855,0.5714285714285714,0.5555555555555556,0.6666666666666666,0.6666666666666666,0.4444444444444444,0.4444444444444444,0.4444444444444444,0.5714285714285714],"PG20":[0.5,0.3333333333333333,0.3333333333333333,0.16666666666666666,0.16666666666666666,0.2222222222222222,0.2222222222222222,0.16666666666666666,0.2857142857142857,0.5],"PG21":[0.5714285714285714,0.5714285714285714,0.5714285714285714,0.7142857142857143,0.7142857142857143,0.6666666666666666,0.6666666666666666,0.6666666666666666],"PG22":[0.5714285714285714,0.5714285714285714,0.8333333333333334,0.8333333333333334,0.3333333333333333,0.3333333333333333,0.5,0.5,0.5,0.5,0.6666666666666666,0.6666666666666666,0.5,0.5],"PG24":[0.3333333333333333,0.3333333333333333,0.16666666666666666,0.16666666666666666,0.2857142857142857,0.2857142857142857,0.42857142857142855,0.42857142857142855,0.4],"PG25":[0.7142857142857143,0.7142857142857143,0.5714285714285714,0.5714285714285714,0.42857142857142855,0.42857142857142855,0.5,0.5,0.5,0.5],"PG26":[0.0,0.0,0.0,0.0,0.0,0.0,0.0,0.0],"PG27":[0.42857142857142855,0.4444444444444444,0.4444444444444444,0.3333333333333333,0.42857142857142855],"PG28":[0.42857142857142855,0.42857142857142855,0.5714285714285714,0.5714285714285714,0.625,0.625,0.25,0.25],"PG29":[0.42857142857142855,0.42857142857142855,0.7142857142857143,0.7142857142857143,0.6666666666666666,0.6666666666666666,0.5,0.5],"PG3":[0.5714285714285714,0.5714285714285714,0.5714285714285714,0.5714285714285714,0.5714285714285714,0.5714285714285714,0.5714285714285714,0.7142857142857143,0.5714285714285714,0.5714285714285714,0.5714285714285714,0.7142857142857143,0.7142857142857143,0.6,0.4,0.6666666666666666,0.3333333333333333,0.6,0.5,0.5,0.5,0.75,0.5,0.625,0.625,0.5,0.6666666666666666,0.4,0.5,0.5,0.5,0.5,0.5,0.5555555555555556,0.75,0.7142857142857143,0.5714285714285714,0.5,0.5,0.5,0.5,0.6666666666666666,0.5,0.5,0.5,0.6,0.6,0.2857142857142857,0.42857142857142855,0.5714285714285714,0.5555555555555556,0.6666666666666666,0.4444444444444444,0.4444444444444444,0.4444444444444444,0.5714285714285714,0.5,0.5714285714285714,0.5714285714285714,0.5714285714285714,0.5714285714285714,0.5,0.6666666666666666,0.6666666666666666,0.6666666666666666,0.6666666666666666,0.5714285714285714,0.5714285714285714,0.6,0.5],"PG30":[0.5714285714285714,0.5,0.5,0.5,0.5,0.25],"PG31":[0.6,0.6,0.5,0.6666666666666666,0.6666666666666666,0.6,0.6,0.5714285714285714,0.5714285714285714],"PG32":[0.6666666666666666,0.5,0.8888888888888888,0.7777777777777778,0.7777777777777778],"PG34":[0.0,0.0,0.0,0.0,0.0,0.0],"PG35":[0.5,0.4,0.2857142857142857,0.2857142857142857,0.2857142857142857],"PG36":[0.42857142857142855,0.42857142857142855,0.3333333333333333,0.3333333333333333,0.5,0.5,0.5],"PG37":[0.3333333333333333,0.3333333333333333,0.3333333333333333,0.3333333333333333,0.3333333333333333,0.3333333333333333,0.42857142857142855,0.42857142857142855],"PG38":[0.42857142857142855,0.42857142857142855,0.5714285714285714,0.5714285714285714,0.375,0.375,0.42857142857142855,0.42857142857142855],"PG4":[0.42857142857142855,0.5714285714285714,0.5714285714285714,0.7142857142857143,0.7142857142857143,0.7142857142857143,0.5714285714285714,0.5714285714285714,0.5714285714285714,0.2857142857142857,0.5,0.8,0.6,0.6,0.4,0.3333333333333333,0.5,0.25,0.25,0.5,0.5,0.6666666666666666,0.6666666666666666,0.6666666666666666,0.8333333333333334,0.6666666666666666,0.6,0.5,0.5,0.5,0.5,0.4,0.6666666666666666,0.5555555555555556,0.5555555555555556,0.5555555555555556,0.3333333333333333,0.6666666666666666,0.5714285714285714,0.42857142857142855,0.5714285714285714,0.5,0.5,0.25,0.6,0.6,0.8,0.42857142857142855,0.42857142857142855,0.7142857142857143,0.125,0.125,0.6666666666666666,0.8333333333333334,0.8333333333333334,0.42857142857142855,0.42857142857142855],"PG40":[0.3333333333333333,0.3333333333333333,0.16666666666666666,0.16666666666666666,0.42857142857142855,0.42857142857142855],"PG41":[0.625,0.5],"PG42":[0.5,0.5,0.375,0.375],"PG43":[0.625,0.625,0.5,0.5],"PG44":[0.5,0.5,0.4,0.4,0.2857142857142857,0.2857142857142857],"PG45":[0.5,0.5,0.5714285714285714,0.5714285714285714],"PG46":[0.42857142857142855,0.42857142857142855,0.3333333333333333,0.3333333333333333,0.42857142857142855,0.42857142857142855],"PG47":[0.3333333333333333,0.3333333333333333,0.3333333333333333,0.3333333333333333,0.4,0.4],"PG49":[0.0,0.0,0.0,0.0],"PG5":[0.5714285714285714,0.5714285714285714,0.5714285714285714,0.5714285714285714,0.5714285714285714,0.7142857142857143,0.5714285714285714,0.5714285714285714,0.5714285714285714,0.7142857142857143,0.7142857142857143,0.6666666666666666,0.6,0.5,0.75,0.5,0.625,0.625,0.5,0.5,0.5,0.5,0.5,0.5,0.5,0.5,0.5,0.75,0.7142857142857143,0.7142857142857143,0.5714285714285714,0.5,0.5,0.5,0.5,0.6666666666666666,0.5,0.5,0.6,0.6,0.2857142857142857,0.2857142857142857,0.4444444444444444,0.4444444444444444,0.5714285714285714,0.5,0.5714285714285714,0.6666666666666666,0.6666666666666666,0.6,0.5],"PG50":[0.0,0.0,0.0,0.0],"PG51":[0.0,0.0,0.0,0.0],"PG52":[0.42857142857142855,0.42857142857142855,0.2857142857142857,0.2857142857142857],"PG53":[0.2857142857142857,0.2857142857142857,0.0,0.0],"PG54":[0.16666666666666666,0.16666666666666666,0.5,0.5],"PG55":[0.5714285714285714,0.5714285714285714,0.5,0.5],"PG56":[0.0,0.0,0.0,0.0],"PG57":[0.0,0.0],"PG58":[0.0,0.0,0.0,0.0],"PG59":[0.2,0.4444444444444444],"PG6":[0.7142857142857143,0.5714285714285714,0.42857142857142855,0.42857142857142855,0.42857142857142855,0.42857142857142855,0.7142857142857143,0.7142857142857143,0.42857142857142855,0.5714285714285714,0.6666666666666666,0.5714285714285714,0.5714285714285714,0.7142857142857143,0.7142857142857143,0.6666666666666666,0.6,0.6,0.5,0.5,0.625,0.375,0.6,0.6666666666666666,0.6666666666666666,0.625,0.625,0.375,0.25,0.5,0.5714285714285714],"PG60":[0.16666666666666666,0.16666666666666666,0.0,0.0],"PG61":[0.0,0.0,0.0,0.0],"PG62":[0.42857142857142855,0.42857142857142855],"PG63":[0.5,0.5,0.4,0.4],"PG64":[0.5714285714285714,0.5714285714285714],"PG65":[0.2857142857142857,0.2857142857142857,0.3333333333333333,0.3333333333333333],"PG66":[0.5,0.5],"PG67":[0.42857142857142855,0.42857142857142855,0.42857142857142855,0.42857142857142855],"PG68":[0.42857142857142855,0.42857142857142855,0.375,0.375],"PG69":[0.42857142857142855,0.42857142857142855,0.3333333333333333,0.3333333333333333],"PG7":[0.5714285714285714,0.5714285714285714,0.2857142857142857,0.2857142857142857,0.5714285714285714,0.5,0.42857142857142855,0.42857142857142855,0.5,0.5,0.5,0.3333333333333333,0.3333333333333333,0.7142857142857143,0.7142857142857143,0.42857142857142855,0.5714285714285714,0.7142857142857143,0.5714285714285714,0.6666666666666666,0.25,0.5,0.6666666666666666,0.42857142857142855,0.2857142857142857,0.2857142857142857,0.4],"PG8":[0.5714285714285714,0.5714285714285714,0.7142857142857143,0.6666666666666666,0.6666666666666666,0.6666666666666666,0.625,0.6,0.6,0.5714285714285714,0.7142857142857143,0.42857142857142855,0.42857142857142855,0.6666666666666666,0.7777777777777778,0.6666666666666666,0.6666666666666666,0.5555555555555556,0.5555555555555556,0.5555555555555556,0.5555555555555556,0.3333333333333333,0.3333333333333333,0.5714285714285714,0.5714285714285714,0.42857142857142855,0.42857142857142855,0.7142857142857143,0.75,0.75],